,Dominant,Attempts,Duration,Time,AreaError,TimeTriangles_1,TimeTriangles_2,TimeTriangles_3,TimeTriangles_4,TimeTriangles_5,Distance,LeaveSurface,Side,TimeContact,ZeroVel,ZeroAcc
158,0.9696899027331813,-1.0,0.8963922765033372,-0.6106645810403001,0.009897647358068718,-0.5405163249439938,-0.6782121488816965,-0.5943881290882784,-0.49710228404803924,-0.3767854373787133,0.3751106939633798,-0.21411843340695944,-0.41372837849387484,-0.6012109813697042,-0.5664287893271835,-0.8181257911382079
61,-1.0312575156051291,-1.0,-0.8972546067356638,-0.0715227844480537,-0.48851115557731367,-0.13899267427234918,0.0007470228314040031,-0.08912971483237649,-0.13736568373900138,-0.18519474560400373,-0.3482810308388057,-0.1164503760634341,-0.41372837849387484,-0.03566575949805099,-0.5599544230312087,-0.14070935935222903
212,-1.0312575156051291,-1.0,1.3448039973130874,3.1956352595846034,-0.3784486944466693,3.6859551360383143,1.8707491617984329,0.5907512006246016,2.891740776060901,3.807439670563545,-0.12730929614838563,0.07888573862361661,-0.41372837849387484,3.2467189876776015,3.601213286338874,3.7725214844599786
43,-1.0312575156051291,1.0,-0.8972546067356638,0.04670805577362032,-0.643311873441386,-0.11595179062626362,0.14914229090043496,-0.058403078933302356,-0.007556699366450303,-0.0821743736293152,-0.3352752093123762,-0.21411843340695944,-0.41372837849387484,0.08775171785019437,-0.2824815817751462,0.2512714108850947
80,0.9696899027331813,1.0,-0.8972546067356638,-1.310426181887185,1.0436587253653047,-1.0693287733807264,-1.1313443995731833,-1.2377000201301611,-1.1340639227910094,-1.0136077367470024,0.004307568235296439,-0.3117864907504848,-0.41372837849387484,-1.3088518045560995,-0.9558156765565243,-1.2048450745267083
110,0.9696899027331813,-1.0,1.3448039973130874,-0.9275507283786243,0.9113081320802945,-0.58547021681293,-0.7181291823846986,-0.8293819782882397,-0.9358980796265297,-0.6083262734010331,0.18426857733482388,-0.018782318719908743,-0.41372837849387484,-0.9622425674056633,-0.2834064912459999,-0.7970798437429153
247,0.9696899027331813,1.0,-0.44884288592591354,-0.0062208668837567625,0.025512750032229435,-0.3753631379703037,-0.6122381629531236,-0.786537795837418,1.3749435078672754,0.05433611926783807,-0.06363939648630824,-0.1164503760634341,-0.41372837849387484,-0.03022782467236192,-0.34167578790977293,-0.08020226059076307
9,0.9696899027331813,1.0,-0.8972546067356638,-1.0741936309791502,-0.08761787977799804,-0.8479429403057507,-0.8606108158606922,-0.990805009138305,-0.9339992779934206,-0.796176951671711,-0.01566034971758867,-0.21411843340695944,-0.41372837849387484,-1.0667454888384689,-0.6348720901703455,-1.0496312124864258
59,0.9696899027331813,-1.0,-0.8972546067356638,-0.6743625918574034,-0.25102476399257556,-1.0242137564513283,-0.6508615888888988,-1.1061380861397594,0.1545319127689559,-0.8492171431834318,-0.06537933859132136,-0.1164503760634341,-0.41372837849387484,-0.7425972868376174,-0.6718684690044872,-0.6786963896443947
167,0.9696899027331813,1.0,-0.0004311651161633194,-0.3421247656530869,-0.6239029005922858,-0.6154394780588874,-0.45330923326524486,-0.35203719805332756,-0.0491577169645684,-0.24656496719288584,-0.2644868912001555,-0.21411843340695944,-0.41372837849387484,-0.3101632522208726,-0.756960140323013,-0.25909281345074964
16,0.9696899027331813,-1.0,-0.8972546067356638,0.10673999402571076,-0.23499911233335927,0.1998533278795243,-0.016624278785643206,-0.19645655571928328,0.2764004539485052,0.1524264734417577,-0.0224219157592971,-0.21411843340695944,-0.41372837849387484,0.15229763991163314,-0.20478918622344877,-0.017064418404885384
295,0.9696899027331813,1.0,2.241627438932588,2.309133087457361,-0.7130208814511789,1.1827161966985582,4.974483317737878,2.7005026091877893,1.7743823241413221,0.8444989723014227,-0.28577088111327464,-0.1164503760634341,2.4170447375168496,2.403129793848982,3.030544142822239,3.0622207598688553
141,-1.0312575156051291,1.0,1.6811127879204,1.2998174844021777,-0.6804971079052016,1.5905237247282262,0.8545280172011711,0.9663951437287753,0.870380128451096,1.1054499145145364,0.02095007074860063,-0.21411843340695944,-0.41372837849387484,1.381270910517341,0.5277391146925557,1.449575040704564
165,-1.0312575156051291,1.0,0.4479805556935869,1.014322083401779,-0.17704607669482414,0.32295287407259676,0.6900550550823199,1.1557318085998307,1.1973192460064308,0.40946740153702016,-0.10390030285372144,-0.21411843340695944,2.4170447375168496,1.0873859979811933,0.00978981101457265,0.6498290396834472
85,-1.0312575156051291,-1.0,-0.8972546067356638,-0.19891880608226073,-0.33311044413243834,-0.04634576450662056,-0.20031655333186582,-0.07268447308357624,-0.47949521435920917,-0.30249516913954017,-0.3887479804423786,-0.21411843340695944,-0.41372837849387484,-0.1633390119272705,-0.7292128561974067,0.06448862775187336
123,0.9696899027331813,1.0,0.2237746952887118,0.007297775699728982,0.15109676250075674,1.2151023338514477,-0.10976402362598144,0.21186148612263833,-0.5319711867651341,-0.5306359928854676,0.04559894291950377,-0.21411843340695944,2.4170447375168496,0.04968617407037157,0.20309589042296292,-0.33801511618309665
15,-1.0312575156051291,1.0,-0.8972546067356638,-0.8402523754242486,0.4705868106869606,-0.6249458566261534,-0.6750705305041454,0.0028338081049932486,-0.9614455925083616,-1.1332881688760135,0.5383234440313052,-0.21411843340695944,-0.41372837849387484,-0.8272399245592109,-0.904020746188726,-0.9273016432512879
241,-1.0312575156051291,1.0,-0.11253409531860088,-1.2467281710700817,1.5337563027311538,-1.192589444634261,-1.3133734643901143,-1.3802975768730474,-1.0342905278876389,-0.2724050604934678,0.6683451475607006,-0.21411843340695944,-0.41372837849387484,-1.2499802492692929,-1.0399824384041967,-1.1930067291168562
135,0.9696899027331813,1.0,-0.44884288592591354,-0.018822991325989726,-0.5043368534745946,-0.01589312807927673,-0.06005253282826123,0.4903486720529791,-0.24179977356000326,0.1279463850517327,-0.05664208018385032,-0.21411843340695944,-0.41372837849387484,0.01800429291200965,0.37790378041428213,0.005296900702612936
206,0.9696899027331813,-1.0,-0.22463702552103845,-0.2387873452267786,-0.458599442271141,-0.669094123192779,-0.606694130522151,-0.38990453102753864,-0.9070708184693276,0.12607637829971688,0.08293953475569456,-0.1164503760634341,-0.41372837849387484,-0.26358615827910187,-0.0013091026356697741,-0.009172188131650615
41,0.9696899027331813,1.0,-0.8972546067356638,-0.30408926279107523,-0.5117086299020751,-0.6826286282715984,-0.19015249387508287,0.257085900931839,-0.4372037234399605,-0.09560442212106503,-0.3119987343063555,-0.21411843340695944,-0.41372837849387484,-0.2756441876751949,-0.30652922801733845,-0.3209152839244215
180,-1.0312575156051291,-1.0,0.5600834858960245,-0.9474849979508833,0.40219570359824797,-1.0565998936042176,-0.7306956558949029,-0.502857375670614,-0.9101779484144152,-0.8699572180694252,-0.29407677037164975,-0.21411843340695944,-0.41372837849387484,-0.9369443488687624,-0.8318778074621499,-0.8299641365480599
73,-1.0312575156051291,-1.0,-0.8972546067356638,-0.09878919915033894,-0.3682469847824835,0.31199636996117147,-0.5067167456836135,-0.2845251529793056,0.12622250660260168,-0.1670046799253046,-0.3201107188614071,-0.21411843340695944,2.4170447375168496,-0.060963978034951696,-0.27600721547917156,0.005296900702612936
214,0.9696899027331813,-1.0,-0.7851516765332263,1.0773327056129427,-0.38630539425259935,1.2832582344269314,0.33560658166214385,0.9122989537656166,0.794945918117579,0.8339589342446064,-0.35727888954497977,-0.21411843340695944,2.4170447375168496,1.1495676005532018,0.9513476523434777,1.1825545831267896
78,-1.0312575156051291,1.0,-0.8972546067356638,0.0863474653828251,-0.03019560893561593,0.05161827225435855,0.6567908604964848,-0.5089161489464877,-0.24870450677130918,0.16517651947822903,0.3679794990934485,-0.21411843340695944,-0.41372837849387484,0.0920074929311685,-0.40179490351525315,-0.1486015896254638
88,0.9696899027331813,1.0,-0.8972546067356638,-0.586376850297088,-0.22303167829005285,0.07965403277477033,-0.4527548300221476,-0.29144946529458987,-0.7732916125002756,-0.7822369013385023,0.21044355370235565,0.07888573862361661,-0.41372837849387484,-0.612796146867911,-0.40179490351525315,-0.7247343995715972
145,-1.0312575156051291,1.0,0.33587762549114936,-0.45416910842130115,0.703772262903367,-0.993277744842598,-0.5826699899879368,-0.6261966887866157,0.20131148027555343,-0.3098051955337838,0.13672723509983245,-0.21411843340695944,2.4170447375168496,-0.44256514362895194,-0.7051652099552146,-0.5958279717754303
192,-1.0312575156051291,-1.0,-0.336739955723476,-0.6984211930653024,1.111323235639888,-0.9288277206577433,-0.5137391867628452,-0.5143257679428036,-0.6137922753191091,-1.0314578011980624,-0.139738932233462,-0.21411843340695944,-0.41372837849387484,-0.6953108970490176,-0.8466763589958065,-0.6694887876589543
230,0.9696899027331813,-1.0,2.465833299337463,-0.9186146765014047,-0.10667739399834908,-0.788165542874298,-0.875579703424318,-0.635501233460279,-0.6835300807532988,-0.7446667656843667,-0.39937630208872055,-0.21411843340695944,-0.41372837849387484,-0.9059717635572296,-0.6228482670492494,-0.7549879489523302
81,-1.0312575156051291,-1.0,-0.8972546067356638,-1.239854285010682,0.7832990942386002,-1.0081012504051146,-0.9992116266350051,-1.238349174409719,-1.0199632064741793,-1.0909580160349286,0.10325103344102403,-0.21411843340695944,-0.41372837849387484,-1.2367400601284848,-0.9493413102605496,-1.1837991271314159
10,-1.0312575156051291,-1.0,-0.8972546067356638,-0.8567497019668077,-0.17471961514689935,-0.9604082325083221,-0.8197697769525281,-0.4662883512555187,-0.7296191749387657,-0.7429667595461705,0.003121492702382762,-0.21411843340695944,-0.41372837849387484,-0.8426080012405058,-0.7532605024395989,-0.9838626268761367
269,-1.0312575156051291,1.0,0.8963922765033372,-0.06419063931802722,-0.3248231346445987,0.024065886915333172,0.48252344108291545,0.081165091171647,-0.4068228973102145,-0.4804858118086803,-0.1572410048161113,-0.21411843340695944,-0.41372837849387484,-0.03046425662130504,-0.2454852029410047,-0.18411662585501992
91,0.9696899027331813,1.0,-0.8972546067356638,-0.3308974184227339,0.4452599514310405,-0.19200281916439213,-0.8253138093835005,-0.10211280042353456,-0.49744752070860454,-0.01536413239820532,0.08752089309684981,-0.1164503760634341,-0.41372837849387484,-0.30212456595681053,-0.5220331347262135,-0.482706004525733
100,-1.0312575156051291,-1.0,-0.8972546067356638,-0.01607343690222976,-0.38745143568345736,0.3060347427240724,0.003888641208955094,0.4351705582905573,-0.24387119352339504,-0.35859537170001415,0.005748254886424333,-0.018782318719908743,-0.41372837849387484,0.009492742750061706,0.18182297259333144,-0.1486015896254638
217,-1.0312575156051291,1.0,-0.7851516765332263,1.8941794990049345,-0.33819426605119146,1.9654617404236183,0.9402757188002127,1.1323622545357461,2.5587600169456732,1.912102827088624,-0.3280402791239452,-0.21411843340695944,2.4170447375168496,1.993866090228651,2.7354980216199594,2.2361673246036227
17,0.9696899027331813,1.0,-0.8972546067356638,0.030668988301688047,0.3047894238477422,0.24512946986938472,-0.329307707892493,-0.2029480985148623,0.018853905166794797,0.1515764703726596,0.16926963122665104,-0.21411843340695944,-0.41372837849387484,0.0652906827006094,-0.18259135892296394,-0.13281712907899426
18,-1.0312575156051291,-1.0,-0.8972546067356638,0.45387124002539353,0.4709946246188982,0.033733390543061376,1.4094856635415198,-0.0754974749616605,-0.2918590893419711,-0.37372542632996014,0.8053359914915006,-0.018782318719908743,-0.41372837849387484,0.42490367704291077,0.24564172608222573,0.2723173582803873
139,0.9696899027331813,1.0,1.6811127879204,0.16860496856030774,-0.5445412419583873,-0.11965766701689276,0.04029445417234127,-0.32433994879219036,0.4973519167102943,0.12590637768589727,0.06072115771525258,-0.21411843340695944,-0.41372837849387484,0.17452224311227496,-0.1788917210395497,0.10658052254245826
90,0.9696899027331813,-1.0,-0.8972546067356638,-0.09443573797938588,-0.37807813465074364,-0.026849632190702025,-0.5017271164957382,0.3652782808581563,-0.24680570513820005,-0.09220440984467267,0.06310599252195276,-0.1164503760634341,-0.41372837849387484,-0.08035139784827777,-0.22421228511137323,-0.2854002476948653
144,-1.0312575156051291,-1.0,0.33587762549114936,-0.11391174848101812,-0.3804521477495958,-0.45721466868506916,-0.13803858902394125,-0.007552660367933215,0.42519745465214753,-0.6338263654739758,0.1995749875644541,-0.21411843340695944,2.4170447375168496,-0.09359158698908576,-0.6487457322331487,-0.372214780700447
178,0.9696899027331813,-1.0,0.5600834858960245,-0.7032329133068822,0.1521974772691724,-0.3958260206489951,-0.5019119175767706,-1.2002654566756554,-0.7014823871026942,-0.3652253956389792,0.6455625039921098,-0.018782318719908743,-0.41372837849387484,-0.9111732664339756,-0.206639005165156,-0.6076663171852824
96,-1.0312575156051291,-1.0,-0.8972546067356638,-1.090461827986396,-0.10954967460171855,-0.7354776481031793,-1.0566847628360867,-0.8057960394643024,-0.985266922087367,-1.0277177876940307,-0.0028874365444147877,-0.21411843340695944,-0.41372837849387484,-1.0844778850091936,-0.878123281004827,-1.0812001335793646
194,0.9696899027331813,-1.0,-0.336739955723476,-0.0976435514737724,-0.33571511835414547,0.27977135786874413,-0.20900220414038942,-0.4859793644021084,-0.27166274469890134,0.0998962837714957,-0.18598882670016456,-0.21411843340695944,-0.41372837849387484,-0.11912623747492959,-0.14467007061796874,0.051334910629815336
275,0.9696899027331813,1.0,0.6721864160984621,-0.4846433366179731,0.22065825573103456,-0.3824526406306377,-0.7186835856277959,-0.16551353506035651,-0.295829310938472,-0.915857383800722,-0.005045142296400316,-0.21411843340695944,-0.41372837849387484,-0.4598246759017908,-0.5701284272105976,-0.6563350705368964
226,0.9696899027331813,-1.0,-0.22463702552103845,-0.09810181054439895,-0.10503401945724444,0.04436764453356239,-0.446286792186013,-0.42041478216676015,-0.168436983189878,0.10142628929587227,-0.3285680006295249,-0.21411843340695944,-0.41372837849387484,-0.06120040998389482,-0.5904764355693756,0.01581987440025922
216,-1.0312575156051291,-1.0,-0.7851516765332263,1.9232789499897267,-0.5067134702498302,2.4842844351116984,1.0164137641855686,1.0830265292893455,2.2401065792439057,1.702492070249035,-0.35361654615347965,-0.21411843340695944,2.4170447375168496,2.024602243591241,2.900131907431889,2.2348519528914172
198,0.9696899027331813,-1.0,-0.22463702552103845,1.0670218765238426,-0.23795252416330487,0.7578294122599037,1.607592422408271,0.4102863109075043,1.1921406960979513,0.6393082314211437,-0.3255531133526866,-0.1164503760634341,-0.41372837849387484,1.1107927609265504,0.6683253542622939,1.2588461424347253
271,0.9696899027331813,1.0,-0.11253409531860088,1.604559766368896,-0.4778981316504376,1.4730635556513285,0.9596798323086164,1.8098629376343451,1.5945140239868032,1.1195599654615647,-0.2743859829909097,-0.1164503760634341,-0.41372837849387484,1.5976061438001852,2.047365375304924,1.0562788987550347
310,0.9696899027331813,1.0,-0.6730487463307887,-1.2164830724087232,1.4570979998033828,-1.0991369095662218,-0.8868525693672954,-0.8927827129250616,-0.8314639898055278,-1.1334581694898331,0.35325919194819405,-0.21411843340695944,-0.41372837849387484,-1.214988320825729,-0.7014655720718005,-1.0943538507014225
58,-1.0312575156051291,1.0,-0.8972546067356638,-1.2054848547136836,0.16848388223773203,-1.2576839690609642,-1.1335620125455723,-1.021748029797232,-0.8464817845401182,-0.8840672690164535,-0.3778946754694553,-0.1164503760634341,2.4170447375168496,-1.2060039067658952,-0.8365023548164174,-0.9562398209198152
193,-1.0312575156051291,1.0,-0.336739955723476,-0.4864763729004796,-0.1961684495221209,-1.1832441911274572,-0.5074559500077431,-0.36631859220360147,0.13191891150192905,-0.36250538581786534,-0.2425882438752283,-0.21411843340695944,-0.41372837849387484,-0.4692819538595107,-0.5682786082688905,-0.3840531261102992
84,0.9696899027331813,1.0,-0.8972546067356638,0.032043765513567704,-0.4864413036404931,-0.05810789392035654,-0.2250798981902097,0.14283474772964788,0.23013874143275562,-0.17312470202281086,-0.28945295999607296,-0.018782318719908743,-0.41372837849387484,0.009729174699004826,-0.3620237962685509,0.16314150616730716
303,0.9696899027331813,1.0,0.8963922765033372,-1.0902326984510828,0.4033035417830535,-0.9112650890673704,-1.0243445736554138,-1.1338353354008965,-0.8226604549611128,-0.46705576331693044,-0.336859911009309,-0.1164503760634341,-0.41372837849387484,-1.0854236128049657,-0.6357969996411991,-0.848379340518941
218,0.9696899027331813,-1.0,2.241627438932588,-0.45943908773350767,-0.2369012873033438,-0.5223091931117724,-0.0737278128246601,-0.5682055731461096,0.2242697182031456,-0.4216655994270924,-0.2714795506119862,-0.1164503760634341,-0.41372837849387484,-0.47306486504259876,-0.03553075305725073,-0.29197710625589424
272,-1.0312575156051291,-1.0,-0.11253409531860088,1.3690146040668012,-0.3416228642994121,2.6454094955738356,0.6773037804910831,1.7434328163595865,0.5066733065455572,0.4555375678821366,-0.29691200732679873,-0.018782318719908743,-0.41372837849387484,1.4297394600506554,1.6413301176002195,0.9221109841100443
7,-1.0312575156051291,1.0,-0.8972546067356638,-0.21427048494825332,0.0006450289278608778,-0.026366257009315615,0.18222168440523762,0.24345366106112298,-0.7960772320975851,-0.5183959486904551,0.13221937344791826,-0.21411843340695944,-0.41372837849387484,-0.1787070886085652,-0.4295421876408594,-0.1920088561282547
257,-1.0312575156051291,1.0,0.6721864160984621,-0.15194725134302947,-0.6265446376886906,0.006503255324960272,-0.17167238577184118,-0.02962390587290195,-0.18604405287870804,-0.34057530663513463,-0.33540053686489935,-0.21411843340695944,-0.41372837849387484,-0.11865337357704368,-0.25658411659124714,-0.26303892858736694
179,0.9696899027331813,1.0,0.5600834858960245,-1.0737353719085234,1.256921158231205,-0.8023445481949659,-1.1110162806596173,-1.1193375564907702,-1.1171473264233098,-0.9947376686130248,-0.39095749646013395,-0.018782318719908743,-0.41372837849387484,-1.3168904908201615,-0.7218135804305784,-0.9049403241437897
35,-1.0312575156051291,1.0,-0.8972546067356638,-0.4488991291090948,-0.3422572547804223,-0.6955186331085693,-0.3542558538318693,-0.1685429216982934,-0.14375256195945935,-0.3171152219280273,-2.0374421950399038,-0.21411843340695944,-0.41372837849387484,-0.4215227001730249,0.37142941411830727,0.6998131647472671
69,-1.0312575156051291,-1.0,-0.8972546067356638,-0.33662565680556694,-0.7124711135373982,-0.6281683578353962,-0.5495905964831342,-0.4788386673269715,0.14624623291538882,0.21617670362411445,-0.3620321874324198,-0.21411843340695944,2.4170447375168496,-0.30543461324201254,0.3335081258133121,-0.10650969483487867
32,0.9696899027331813,-1.0,-0.8972546067356638,-0.6072276380106002,-0.421278976154341,-0.5485725779671007,-0.0478556614801217,-1.004437249009021,-0.4817392526528836,-0.34754533180173897,-1.9516229644180987,0.07888573862361661,-0.41372837849387484,-0.7234462989732344,0.454671266495126,0.5090842664774282
62,-1.0312575156051291,1.0,-0.8972546067356638,0.040521558320160724,-0.31643124504804815,-0.17830718902511053,0.10442042929059,-0.018371898360564947,0.16402592093450152,-0.17686471552684246,-0.3442760232282943,-0.21411843340695944,-0.41372837849387484,0.08373237471816335,-0.4961356695423143,-0.027587392102531666
99,0.9696899027331813,1.0,-0.8972546067356638,-0.41017623764114347,0.441065044261273,-0.3790690143609329,-0.5686251078294732,-0.3252054878316009,-0.48346543595571007,0.10176629052351151,-0.015605610871941455,-0.21411843340695944,-0.41372837849387484,-0.3810928369037722,-0.3795970762147681,-0.41036056035441476
185,-1.0312575156051291,1.0,1.1205981369082123,2.8436922933433406,-0.09116414458287832,2.7515909104183836,2.9475850609743275,1.8332324916984297,1.7585014377553185,1.8136724716870651,0.17770413264123544,1.8369107708070729,-0.41372837849387484,2.4520712072801825,2.8279889687053132,3.527862345989703
154,0.9696899027331813,-1.0,-0.44884288592591354,-0.5969168089215008,-0.22808511467031548,-0.8771065762493974,-0.632381480785657,-0.4671538902949292,-0.5212688502876099,-0.33428528392380874,-0.04014018038324737,-0.1164503760634341,-0.41372837849387484,-0.5865522005352382,-0.8300279885204427,-0.6760656462199832
120,-1.0312575156051291,-1.0,-0.336739955723476,1.1451550480656854,0.17080891401813464,0.5050241923948112,1.48137328406313,0.8488982191287947,0.91301685603091,0.8266489078503628,0.3875925739748575,-0.018782318719908743,-0.41372837849387484,1.0552312529249455,1.107657352917726,0.6169447468783026
249,-1.0312575156051291,1.0,-0.44884288592591354,-0.11162045312788503,-0.2769208471344746,-0.14382642608621327,0.5059931783740325,-0.1267806630467349,-0.3117101973244756,-0.4539657160528199,-0.3496187340042601,-0.1164503760634341,-0.41372837849387484,-0.10163027325314747,-0.17611699262698913,-0.25909281345074964
75,0.9696899027331813,-1.0,-0.8972546067356638,0.44241476325972745,-0.12517610020076123,0.10656191787194716,-0.013667461489124533,1.2442331753795584,-0.23282362038530557,1.025889627246955,0.5312055477740393,0.27422185331066734,-0.41372837849387484,0.4215936297577088,1.049388056253953,0.3117785096465606
245,-1.0312575156051291,1.0,1.9053186483252753,0.07443272954653245,-0.39428687657871175,0.5124359451760695,-0.043050833373278856,0.4423112553656942,-0.29651978425960257,-0.23126491194912022,0.1783726497453287,-0.018782318719908743,-0.41372837849387484,-0.034247167804392936,0.05326055614468914,-0.46034468541823453
137,-1.0312575156051291,1.0,-0.44884288592591354,0.48319982054549876,-0.05222069248268928,1.431009914870711,0.3293233449070416,0.7774912483774253,-0.21124632909997462,0.06453615609701516,-0.0043568476929477405,-0.21411843340695944,-0.41372837849387484,0.5360266930461203,0.8403585158410529,0.42358510518405224
169,-1.0312575156051291,1.0,-0.0004311651161633194,0.6637538943723963,-0.4420793682641653,0.8522486976907158,0.17057921630019535,0.3983851491156094,0.5382624609872818,0.2561268478717247,-0.17091180562523137,-0.21411843340695944,-0.41372837849387484,0.7270637077920633,-0.48966130324633955,0.7169129970059421
31,-1.0312575156051291,1.0,-0.8972546067356638,-0.21976959379577293,-0.33162435268351254,-0.501846310433081,0.06635140659791208,0.06991308365931,-0.10905627757264716,-0.41826558715070006,-0.36439381884844374,-0.21411843340695944,-0.41372837849387484,-0.18438145538319706,-0.44989019599963725,-0.10782506654708443
109,-1.0312575156051291,1.0,0.33587762549114936,-1.07969273982667,0.13322318440309813,-0.6350967354352681,-1.0596415801326053,-0.7413133810282173,-1.1223258763317894,-0.8895072886586812,0.054346048719881745,-0.21411843340695944,-0.41372837849387484,-1.0731291514599297,-0.6811175637130226,-0.9444014755099631
253,-1.0312575156051291,1.0,-0.5609458161283511,3.26024978854296,-0.472938154503663,4.901643717225135,1.5157462851351595,2.62087301756202,3.9649089354281215,2.481434882770525,1.9837469364451084,12.678065135938388,-0.41372837849387484,3.0485890144633685,3.4338046721143827,1.0457559250573882
67,0.9696899027331813,-1.0,-0.8972546067356638,-0.04838070138140807,-0.4448195885674745,-0.7714085365862358,-0.08592468417279962,0.9493007477004173,0.9333858190042624,-0.18349473946580755,-0.07854731608735599,-0.21411843340695944,2.4170447375168496,-0.020061250867813147,0.5295889336342627,0.13551870021098558
300,-1.0312575156051291,-1.0,-0.7851516765332263,-0.6450340113372984,-0.15762647314394274,-0.607866600217167,-0.6807993640161504,-0.29188223481429515,-0.25405567501007126,-0.6535464366770515,-0.30358768852129286,-0.018782318719908743,-0.41372837849387484,-0.6463694836178169,-0.3721978004479398,-0.49059823479896764
222,0.9696899027331813,-1.0,1.9053186483252753,-0.5476539588291366,-0.3158071716861687,-0.5261761945628637,-0.7375332958931023,-0.6415600067361528,-0.2165974973387367,-0.4119755644393742,-0.06251058585300331,-0.018782318719908743,-0.41372837849387484,-0.5517967040406173,-0.4600642001790262,-0.49585972164779074
130,0.9696899027331813,-1.0,0.33587762549114936,-0.37236986431444524,-0.10402014418821365,-0.09677790843126935,0.1495118930624998,1.1050977747943143,-0.6184529702367406,-0.5726261444989132,0.6880007810776042,-0.21411843340695944,-0.41372837849387484,-0.3458644765112655,-0.052179123532614606,-0.34985346159294867
201,-1.0312575156051291,1.0,-0.22463702552103845,1.092913514014248,-0.5708129450157903,1.1338953033785308,0.9070115242143776,1.0233043355700182,0.8572611353496148,0.35931722046023284,-0.3560403634047335,-0.21411843340695944,-0.41372837849387484,1.1642263813876679,0.42414925395695935,1.302253408937516
270,0.9696899027331813,-1.0,-0.11253409531860088,1.6098297456811022,-0.7546973446368326,1.0829797842724955,0.9186539923194198,1.9163242394818416,1.6003830472164131,1.5382714772992838,-0.2467870078306513,0.07888573862361661,-0.41372837849387484,1.5715986294164548,2.199050528524905,1.3851218268064807
195,0.9696899027331813,1.0,-0.336739955723476,-0.16454937578526244,-0.4263744920089259,-0.48041667739161686,-0.5638202797226303,0.3321714126007032,0.08910956559183242,-0.172614700181352,-0.04455193718806336,-0.21411843340695944,-0.41372837849387484,-0.18343572758742524,-0.09195023077931685,0.09605754884481221
227,0.9696899027331813,1.0,-0.22463702552103845,-0.4635634193691474,0.2574867370594862,-0.19828669652241548,-0.7565678072394414,-0.7114522841685538,-0.4246025853293272,-0.227354897831269,-0.2912353837719027,-0.21411843340695944,-0.41372837849387484,-0.4371272088032629,-0.7144143046637501,-0.2735619022850132
111,0.9696899027331813,1.0,1.3448039973130874,-1.1456820459969066,0.34342195430649225,-0.6531427422070274,-0.9228887801686168,-1.0834176863552327,-1.0933259968443045,-0.6846565490060416,0.020176912192539437,-0.21411843340695944,-0.41372837849387484,-1.1407486888576275,-0.6154489912824211,-1.0075393176958407
292,-1.0312575156051291,-1.0,0.8963922765033372,-1.0052256408498403,0.6250059302925352,-1.0292086333256545,-0.8720684828847021,-0.6497826276105528,-0.8763447556790163,-0.9134773752072474,-0.3845348750254336,-0.21411843340695944,-0.41372837849387484,-1.0017267028791441,-1.0140849732202974,-0.7773492680598285
246,0.9696899027331813,-1.0,-0.44884288592591354,-0.1666115416030821,0.10077293721522519,-0.06729202236669833,-0.0748366193108546,0.7790059416963937,-0.41683476046660806,-0.7184866711561455,0.03504505559340039,0.07888573862361661,-0.41372837849387484,-0.2985780867226658,-0.30097977119221714,-0.2577774417385439
317,0.9696899027331813,-1.0,-0.5609458161283511,-0.20762572842416685,-0.2958133490539833,-0.0320056341254904,-0.562341871074371,-0.297291853810611,-0.7701844825551879,0.0913962530805148,0.2540953243699286,-0.21411843340695944,-0.41372837849387484,-0.28060925860299774,-0.4036447224569602,-0.1814858824306084
0,0.9696899027331813,-1.0,-0.8972546067356638,-0.2894249725310226,-0.48768587771105465,-0.0737370247851838,-0.8162585564129121,-0.5450524038418777,-0.13840139372069726,-0.18247473578288986,0.4728995623486221,-0.21411843340695944,-0.41372837849387484,-0.3139461634039605,-0.3444505163223336,-0.5445284749994048
268,-1.0312575156051291,-1.0,0.8963922765033372,-0.23351736591457212,-0.1949548760445103,0.20968195656771466,-0.39269447868661206,-1.0574515151729165,-0.4278823336046975,0.1741865520106688,0.09547300847829941,-0.21411843340695944,-0.41372837849387484,-0.23119498127391092,-0.5849269787442543,-0.37089940898824125
101,-1.0312575156051291,1.0,-0.8972546067356638,0.0909300560890916,0.6408820092646477,0.41898341010803025,-0.3052835673582788,0.16901730367181667,-0.09403848283805681,0.1808165759496339,0.03848460638434426,-0.21411843340695944,-0.41372837849387484,0.1333830839961933,-0.12987151908431205,-0.06704854346870505
290,0.9696899027331813,-1.0,0.8963922765033372,-0.8173394218929164,-0.3909244403257373,-0.6388026118258973,-0.9201167639531305,-0.9278370440211884,-0.5297271484714596,-0.7314067178064365,-0.4134950524723479,-0.21411843340695944,-0.41372837849387484,-0.8052517533075121,-0.7088648478386289,-0.5169056690430833
291,0.9696899027331813,1.0,0.8963922765033372,-1.0395950711468387,0.17794634948873214,-0.7947716703532456,-0.9456193131356041,-1.0914239224697802,-0.8768626106698643,-0.870467219910884,-0.4124155840847131,-0.21411843340695944,-0.41372837849387484,-1.036245767424822,-0.8365023548164174,-0.7931337286062979
283,0.9696899027331813,1.0,-0.6730487463307887,-0.3363965272702539,-0.42370710395794753,-0.7606131575352726,-0.4958134819027008,-0.6686081017177321,0.42381650800988635,0.012005966426753183,-0.1975742618339365,-0.1164503760634341,-0.41372837849387484,-0.3278956483915975,-0.3056043185464848,-0.5826742546533725
321,0.9696899027331813,-1.0,0.6721864160984621,-0.38932544992763124,-0.36650091452191,-0.03603376063704382,0.0892667406459318,-1.0520418961766007,-0.3407100768119604,-0.2224248800305001,0.5716444296599738,-0.1164503760634341,-0.41372837849387484,-0.5293356688910323,-0.1909155441606458,-0.4471909682961767
207,0.9696899027331813,1.0,-0.22463702552103845,-0.104517437533172,-0.4276654121555822,-0.6117336016682583,0.8077733436999696,-0.9325975087379463,-0.8927434970558679,0.10142628929587227,0.07796980623250431,-0.21411843340695944,-0.41372837849387484,-0.16664905921247214,-0.12247224331748373,0.09079606199598896
177,-1.0312575156051291,1.0,-0.336739955723476,1.1767749239389238,-0.4704289765531078,1.854446573765206,0.663074097251587,1.2976802110631591,0.9337310556648277,0.3186870737573441,-0.3384481189143939,-0.21411843340695944,-0.41372837849387484,1.2517062024965773,0.48889291691670717,1.642934682398814
159,0.9696899027331813,1.0,0.8963922765033372,-0.3771815845560252,-0.07428123473448454,-0.07260914936194884,-0.6576992288870982,-0.8086090413423868,-0.32172206048086915,-0.03882421710531261,0.4021433159693538,-0.21411843340695944,-0.41372837849387484,-0.40497246374701523,-0.2547342976495401,-0.5839896263655783
213,-1.0312575156051291,1.0,1.3448039973130874,3.4126209295263186,-0.45857318578341266,4.554580336989694,2.285073185473112,3.2566114420090604,2.775050784789831,1.5763516147948784,-0.2892347149629511,-0.21411843340695944,-0.41372837849387484,3.5602277519760177,3.9082832306622497,4.1197796164823055
282,0.9696899027331813,-1.0,-0.6730487463307887,0.501071924299938,-0.4905495857995752,-0.5179588164792946,-0.1504202614531132,0.08073232165194172,1.5366868833421161,1.035749662848493,0.13475332692881759,0.5672260253412433,-0.41372837849387484,0.4400353217752627,0.42229943501525197,0.10394977911804675
323,-1.0312575156051291,-1.0,0.6721864160984621,-0.7861778050903047,0.312257377773111,-0.3600562572264007,-0.6231414267340362,-0.7988717271490181,-0.8630531442472524,-0.7643868368874424,0.003332610734651711,-0.21411843340695944,-0.41372837849387484,-0.7712055526597202,-0.6228482670492494,-0.7273651429960087
319,-1.0312575156051291,-1.0,-0.5609458161283511,-0.2633042055053042,0.04796721004815821,-0.6383192366445108,0.11310608009911362,-0.48446467108314,-0.8069521869053919,0.468287613918608,0.2581149427125578,-0.21411843340695944,-0.41372837849387484,-0.2484545135467499,-0.8004308854531295,-0.1643860501719331
174,0.9696899027331813,-1.0,-0.336739955723476,2.8507953089380536,-0.5252381488465216,2.0486022716220806,2.6315752124088942,1.1682821246712836,3.1289183618692586,2.2402040117604867,-0.23305543339161694,-0.1164503760634341,-0.41372837849387484,2.8518776329427933,2.4136295257629263,3.6607148889224876
239,0.9696899027331813,1.0,-0.11253409531860088,-0.9724601173000353,0.0024537664367421073,-0.7330607721962472,-0.8315970461386027,-0.7664140131711229,-0.7591369094170984,-0.7965169528993502,0.05703740248115173,-0.21411843340695944,-0.41372837849387484,-0.9617697035077774,-0.555329875676941,-0.9023095807193781
57,-1.0312575156051291,-1.0,-0.8972546067356638,-1.1903623053830044,-0.030075406727960944,-1.2356098357776515,-1.1671958092934722,-1.0764933740399485,-0.8692674041374278,-0.6900965686482693,-0.35808502727105823,-0.21411843340695944,2.4170447375168496,-1.1877986466972843,-0.813379618045079,-1.0206930348178986
39,-1.0312575156051291,1.0,-0.8972546067356638,-0.7889273595140645,-0.22687665756460804,-0.844720439096508,-0.5259360581109848,-0.5160568460216246,-0.8062617135842614,-0.7305567147373384,-0.37603511120369776,-0.21411843340695944,-0.41372837849387484,-0.7730970082512643,-0.8956965609510441,-0.6221354060195461
114,0.9696899027331813,-1.0,-0.0004311651161633194,0.570269043964561,-0.5082310201610932,0.8035889294311506,1.3590349684196699,0.17464330742798517,-0.1544548984369835,-0.046644245341015036,-0.004455382768730802,-0.1164503760634341,-0.41372837849387484,0.4882674393596343,-0.14467007061796874,0.7405896878256463
133,-1.0312575156051291,1.0,0.33587762549114936,-0.5306983732159507,-0.21787209522092246,-0.0689032729713197,-1.2817724795335708,-1.0284559573526635,-0.4485965332386152,0.8184888783870211,0.4650012357879587,-0.1164503760634341,-0.41372837849387484,-0.5778042184243473,-0.309303956429899,-0.43666799459853045
183,0.9696899027331813,1.0,1.1205981369082123,1.109181711021494,-0.04826877736622231,1.4498615469447809,1.267373632227591,-0.527092468774109,0.8289517291832605,0.9417393234062442,-0.18850786496469177,-0.018782318719908743,-0.41372837849387484,1.1651721091834397,0.3288835784590445,1.356183649137953
260,-1.0312575156051291,-1.0,0.33587762549114936,1.72416538380245,0.5487044807941087,0.9819543713627359,0.5241036843152093,1.4015448957924237,3.1130374754832553,1.38425092117871,3.898531216185604,2.0322468854941236,-0.41372837849387484,1.5363702690239482,1.4859453264968245,-0.11308655339590769
199,0.9696899027331813,1.0,-0.22463702552103845,0.8555353154296469,-0.27241517657172176,0.560128963072862,1.201399646299018,0.319837481289103,1.071307864900098,0.5464878962756323,-0.3660865953118246,-0.21411843340695944,-0.41372837849387484,0.9157364030485761,0.3991766982439136,1.1891314416878187
171,0.9696899027331813,1.0,-0.11253409531860088,-0.5201584145915379,0.009100173979281168,-0.5782195890921338,-0.3363301489717248,-0.8733080845383244,-0.5074593838649981,-0.08761439327154298,0.10223592168076184,-0.018782318719908743,-0.41372837849387484,-0.5331185800741205,-0.4175183645197633,-0.5103288104820545
48,0.9696899027331813,1.0,-0.8972546067356638,0.5672903600054876,-0.4958148790431158,0.5630292141611805,0.05045851362912421,0.32113578984821883,1.427592098603483,0.20240665390472537,-0.24819416775508543,-0.1164503760634341,-0.41372837849387484,0.6010454790054449,0.3732792330600145,0.47619997367228367
146,0.9696899027331813,-1.0,0.6721864160984621,-0.8358989142532955,0.12178112595971072,-0.6913293815365538,-0.5795283716103857,-0.565608956027878,-0.8445829829070091,-0.9665175667189683,0.06166950447678477,-0.1164503760634341,-0.41372837849387484,-0.8541931667387128,-0.7514106834978916,-0.8076028174405616
176,-1.0312575156051291,-1.0,-0.336739955723476,1.719124534025557,-0.4492230926424703,2.4441642950566265,0.9981184571633592,1.4454710020425086,1.1446706552702233,1.0700897868400558,-0.33989088884788105,-0.21411843340695944,-0.41372837849387484,1.812049921491485,0.9236003682178715,2.2282750943303884
53,-1.0312575156051291,-1.0,-0.8972546067356638,-0.7286662917266609,0.0035053571059813575,-0.8142678026691641,-0.5239032462196282,-0.6002305176042996,-0.4744892827810124,-0.7499367847127748,-0.33230505092047113,-0.21411843340695944,2.4170447375168496,-0.7118611334750277,-0.6690937405919265,-0.5682051658191088
46,-1.0312575156051291,1.0,-0.8972546067356638,-0.5804194823789416,0.04602252539005923,-0.6131837272124174,-0.5246424505437579,-0.35246996757303284,-0.5457806531877459,-0.6181863090025709,-0.015282810542216394,-0.21411843340695944,2.4170447375168496,-0.5562889110705342,-0.8984712893636048,-0.7891876134696806
248,-1.0312575156051291,-1.0,-0.44884288592591354,-0.2417660291858517,-0.09878426470562068,-0.9805488650660892,0.9894328063548357,1.3571860200226336,-1.2607657772184728,-1.1096580835550867,0.07328319149916414,-0.1164503760634341,-0.41372837849387484,-0.2553110400660967,-0.44064110129110184,-0.4708676591158808
56,0.9696899027331813,1.0,-0.8972546067356638,-1.0040799931732738,-0.4027554592386563,-0.8250631817201273,-0.6048461197118269,-0.8637871551048085,-0.8076426602265225,-0.9966076753650406,-0.38889765429167894,-0.21411843340695944,2.4170447375168496,-0.9936880166150821,-0.6718684690044872,-0.8470639688067351
132,-1.0312575156051291,-1.0,0.33587762549114936,-0.45141955399754136,0.6221562794078946,-0.1501103034442366,-0.530001681893698,-0.3496569656949486,-0.01687808920171328,-0.5148259358002432,0.3578260715821381,-0.018782318719908743,-0.41372837849387484,-0.5066382017925046,-0.19369027257320637,-0.3656379221394181
66,-1.0312575156051291,1.0,-0.8972546067356638,-0.8413980231008151,-0.2761146635308987,-0.7904212937207679,-0.69835546671423,-0.9066313375556302,-0.5095308038283899,-0.7800268933588472,-0.37697565951245127,-0.21411843340695944,-0.41372837849387484,-0.826294196763439,-0.7736085107983767,-0.749726462103507
4,0.9696899027331813,-1.0,-0.8972546067356638,-0.10268440125066546,-0.0066620778380624725,0.2401345929950585,-0.44018835651194327,0.1437002867690584,-0.25733542328544157,-0.04936425516212893,0.17556091485175548,-0.21411843340695944,-0.41372837849387484,-0.06332829752438189,-0.3795970762147681,-0.18411662585501992
186,0.9696899027331813,-1.0,1.7932157181228376,0.8397253774930273,-0.18961406847336923,0.5920317250443651,1.265156019255202,0.9365340468691118,0.7602496337307667,0.17214654464483337,-0.08673571810685603,0.46955796799771804,2.4170447375168496,0.7686757308060309,0.4380228960197623,0.6116832600294796
203,0.9696899027331813,1.0,-0.22463702552103845,-0.9994974024670074,-0.1666809207171799,-1.0669118974737943,-0.9698282547508508,-0.9291353525803042,-0.4385846700822217,-0.9151773813454436,0.038673981592915276,-0.1164503760634341,-0.41372837849387484,-1.00456388626646,-0.8374272642872711,-1.0443697256376028
108,-1.0312575156051291,-1.0,0.33587762549114936,-1.049905900235938,0.6197020431798999,-0.6234957310819942,-1.0644464082394482,-0.8495057609545347,-1.1257782429374423,-0.774756874330439,-0.02638537313879028,-0.21411843340695944,-0.41372837849387484,-1.0416837022505108,-0.8217038032827608,-0.8865251201729086
297,-1.0312575156051291,1.0,2.241627438932588,1.249867245703874,0.053468159565087534,0.7509010346600318,-0.007938627977119602,-0.25747705799772624,2.6462775103989755,1.791912393118154,-0.28070914576904155,-0.21411843340695944,2.4170447375168496,1.317434284302731,1.0956335297966302,1.64425005411102
256,-1.0312575156051291,-1.0,0.6721864160984621,-0.1482811787780164,4.502729949202199,-0.3905088936537446,1.0892253901123408,-0.6854861129862376,-0.9067255818087623,-0.4583857320121299,0.006640369836725471,-0.1164503760634341,-0.41372837849387484,-0.16593976336564345,-0.4230678213448845,-0.3893146129591223
19,-1.0312575156051291,1.0,-0.8972546067356638,0.26919283456285603,-0.19066396451766046,-1.1355511732306647,0.6098513859142508,1.4329206859710557,-0.024991150724997722,-0.285665108371398,0.6709649673241126,-0.21411843340695944,-0.41372837849387484,0.26342065591484265,0.1309529516963866,0.35255503272494004
305,-1.0312575156051291,1.0,0.8963922765033372,-0.14003251550673682,0.8751103865305688,0.2588251000086663,-0.37088795112478684,-0.4377255629549709,-0.15324657012500498,-0.24605496535142699,-0.22402070688067002,-0.21411843340695944,-0.41372837849387484,-0.10659534418095062,-0.5581046040895016,-0.14070935935222903
147,0.9696899027331813,1.0,0.6721864160984621,-0.8611031631377609,0.3514105624588622,-1.0064899998004933,-0.5917252429585252,-0.6225181478691209,-0.7508512295635313,-0.7132166521277373,-0.02783666964584132,-0.21411843340695944,-0.41372837849387484,-0.8489916638619669,-0.7347623130225279,-0.8444332253823235
266,0.9696899027331813,-1.0,0.8963922765033372,-0.19341969723474078,-0.2254361297869839,-0.3590895068636279,0.12031332225937788,0.31810640321028194,-0.8174819050526334,-0.5576660904827868,-0.3123419051658888,-0.21411843340695944,-0.41372837849387484,-0.21937338382676097,-0.533132048376456,-0.25646207002633803
55,0.9696899027331813,-1.0,-0.8972546067356638,-0.8100072767628901,-0.28518288180738616,-0.8005721725298824,-0.4266978775965768,-0.3254218725914535,-0.6472802313939428,-0.8808372573538807,-0.3231178476841208,-0.018782318719908743,2.4170447375168496,-0.8305499718444129,-0.5386815052015772,-0.6497582119758675
30,-1.0312575156051291,-1.0,-0.8972546067356638,-0.165695023461829,-0.43425615210597607,-0.10547866169622473,-0.09091431336067489,-0.3680496702824225,0.058210884471238476,-0.41418557241902926,-0.33622917995099655,-0.21411843340695944,-0.41372837849387484,-0.12929281127947836,-0.3731227099187933,-0.0854637474395861
313,0.9696899027331813,-1.0,-0.7851516765332263,-0.3776398436266517,0.057240139203092046,-0.3060793619715849,0.09166915469935323,-0.13565243820069292,-0.4004360190897565,-0.7402467497250567,0.2768427802612441,-0.018782318719908743,-0.41372837849387484,-0.42696063499871395,-0.35462452050172255,-0.6010894586242534
234,0.9696899027331813,-1.0,0.5600834858960245,0.383070213613577,0.28213479247181833,-0.048440390292628345,1.4109640721897792,0.26768875416461807,0.1400319730252135,-0.13317455777520062,0.03731588734449214,-0.1164503760634341,-0.41372837849387484,0.3873109971609739,0.42229943501525197,0.5919526843463928
314,0.9696899027331813,1.0,-0.7851516765332263,-0.5437587567288101,0.4961130328884757,-0.310913113785449,-0.3795736019333104,-0.4362108696360025,-0.529554530141177,-0.4165655810125039,0.2737796853338014,-0.1164503760634341,-0.41372837849387484,-0.5893893839225542,-0.32687723637611626,-0.598458715199842
188,-1.0312575156051291,-1.0,1.7932157181228376,1.6524478392493804,-0.4151663686831887,0.6700162543080392,0.5861968475421014,1.4337862250104663,2.7810924263497236,1.9699030357872942,-0.2629637500735726,0.9578982547153447,2.4170447375168496,1.6621520658616236,1.891055674730676,1.4087985176261848
22,-1.0312575156051291,-1.0,-0.8972546067356638,-0.18150496139844813,-0.27806840085820345,0.06370265178901881,-0.5713971240449595,-0.16334968746183018,-0.13788353872984932,-0.25421499481476867,0.20114542467661223,-0.21411843340695944,-0.41372837849387484,-0.16901337870190233,-0.5664287893271835,-0.23936223776766283
36,0.9696899027331813,-1.0,-0.8972546067356638,-0.645492270407925,0.04424219592540444,-0.7303216461683909,-0.6103901521427995,-0.48511382536269787,-0.560453211261771,-0.46909577068276587,-0.37635074668562274,-0.21411843340695944,-0.41372837849387484,-0.625090608212947,-0.7958063380988617,-0.4379833663107362
235,0.9696899027331813,1.0,0.5600834858960245,-0.593479865891801,11.391741503311588,-1.1091266633148742,0.7820859934364636,-0.7032296632941536,-0.36781115466633607,0.770888706517528,-0.544994305085272,0.07888573862361661,-0.41372837849387484,-0.6645747436864279,0.019038905723108193,-0.18674736927943142
311,-1.0312575156051291,-1.0,-0.6730487463307887,-1.2483320778172748,1.569203354909107,-1.0472546400974136,-0.9929283898799028,-0.9336794325372095,-1.1604745273242545,-1.1849683554771775,-0.18697901957373797,-0.21411843340695944,-0.41372837849387484,-1.2561274799418107,-0.8531507252917812,-1.127238143506567
228,-1.0312575156051291,-1.0,-0.22463702552103845,0.29348056530606825,-0.28189325130347154,0.099311290151151,0.772106735060713,0.4576745733152313,0.23911489460745328,-0.521115958511569,0.02574144299037923,-0.1164503760634341,-0.41372837849387484,0.3244200987421363,-0.543306052555845,0.5077688947652225
208,-1.0312575156051291,-1.0,-0.22463702552103845,0.014400791294442012,-0.4112451303658893,-0.6992245094991985,0.23359638493224957,0.5085249918806004,-0.44980486155059374,0.4210274432767542,0.1956766527514414,-0.1164503760634341,-0.41372837849387484,0.016822133167294723,-0.032756024644690164,0.3301937136174417
12,0.9696899027331813,-1.0,-0.8972546067356638,-0.8986804069291456,-0.48526548991757773,0.6221621113507846,-0.5495905964831342,-0.6365831572595422,-1.103855714991546,-1.183438349952801,0.7687931998828782,-0.018782318719908743,-0.41372837849387484,-1.00219956677703,-0.7097897573094823,-1.0075393176958407
152,-1.0312575156051291,-1.0,0.6721864160984621,0.08428529956500512,-0.2367141477104457,-0.2936727323160004,0.9071963252954099,-0.04758384094067063,0.031282424947145435,-0.3235752452531728,-0.021727544016182904,-0.21411843340695944,-0.41372837849387484,0.12510796578318814,-0.052179123532614606,0.04738879549319806
286,0.9696899027331813,-1.0,0.6721864160984621,1.0189046741080452,-0.5947601385704013,-0.09323315710110235,0.3160176670727076,0.4546451866772944,2.1707140104702813,2.135993635489061,-0.26564870723102596,0.07888573862361661,-0.41372837849387484,0.9847745321399318,1.4896449643802387,1.4719363598120625
175,0.9696899027331813,1.0,-0.336739955723476,2.6947580953896813,-0.4749932334110971,2.5364889547014307,2.2612338460199304,0.7891760254094676,3.084555450986618,2.0311032567623566,-0.2854083497288194,-0.21411843340695944,-0.41372837849387484,2.7722000661490025,2.461724818247311,3.322664358885601
189,-1.0312575156051291,1.0,1.7932157181228376,1.5479647711465057,-0.7200165758571851,1.1018314163465657,0.699849512377038,0.7952347986853413,1.7272575199741593,2.5377050859448183,-0.3040152703216717,-0.21411843340695944,2.4170447375168496,1.6368538473247227,2.011293905941636,1.6731882317795472
209,-1.0312575156051291,1.0,-0.22463702552103845,-0.11551565522821154,-0.2793418539743192,-0.17701818854141343,-0.8452723261350016,-0.6863516520256481,0.6300954126976503,0.1627965108847544,0.10207574791682532,-0.21411843340695944,-0.41372837849387484,-0.08555290072502372,-0.206639005165156,0.24337918061185992
251,0.9696899027331813,1.0,-0.5609458161283511,1.0255494306321313,-0.5382993937609124,0.46522630246066343,0.7617578745228977,0.7138741289807508,1.6084961087396976,0.633868211778916,-0.3319007738463462,-0.1164503760634341,-0.41372837849387484,1.0817116312065616,0.41952470660269153,0.6906055627618266
157,-1.0312575156051291,1.0,-0.44884288592591354,-0.32287788468676776,-0.13333533071061013,-0.2628978457677323,-0.07132539877123867,-0.2847415377391582,-0.4568822130921823,-0.5705861371330778,-0.028437111306037054,-0.21411843340695944,-0.41372837849387484,-0.29172156020331863,-0.6737182879461943,-0.4550831985694115
117,-1.0312575156051291,1.0,-0.0004311651161633194,-0.18425451582220811,0.06664340309381353,-0.969753486015126,-0.938966474218437,-1.3986902814605213,1.1450158919307885,0.7239685371033135,0.17183085075805388,-0.21411843340695944,-0.41372837849387484,-0.22930352568236695,-0.9715391375610346,-0.16043993503531584
49,-1.0312575156051291,-1.0,-0.8972546067356638,0.4353117476650144,-0.23851634999962265,0.6136224831462913,0.127890166581707,0.8149258118319311,0.5261791778674965,-0.15204462590917822,-0.3471489988870075,-0.21411843340695944,-0.41372837849387484,0.4892131671554064,-0.0503293045909074,0.5945834277708043
3,-1.0312575156051291,1.0,-0.8972546067356638,-0.6991085816712423,-0.4476413885105283,-0.6204343549332136,-0.507825552169808,-0.6839714196672692,-0.607923252089499,-0.7268167012333068,0.022109523866839335,-0.21411843340695944,-0.41372837849387484,-0.6815978440103238,-0.813379618045079,-0.9036249524315839
220,-1.0312575156051291,-1.0,2.241627438932588,-0.02225993435568936,-0.6954114796365038,0.03308889030121283,0.5586614864682713,-0.3472767333365696,-0.1703357848229871,-0.09934443562509664,-0.2552205054847386,-0.21411843340695944,-0.41372837849387484,0.019186452656724914,0.46669508961622197,0.19865654239686328
27,-1.0312575156051291,1.0,-0.8972546067356638,0.42179310508152834,-0.228575165770296,0.917343222117419,0.03253280876897975,-0.10059810710456611,0.7050117680403195,0.26411687672124673,-0.2946554853530204,-0.21411843340695944,2.4170447375168496,0.4766822738614275,0.3150099363962413,0.5735374803755117
255,0.9696899027331813,1.0,0.6721864160984621,-0.6399931615604052,-0.4553386460637255,-0.8545490677846983,-1.0866225379633383,-0.6471860104923213,-0.566322234491381,-0.29722515011113204,-0.14040388613432805,-0.21411843340695944,-0.41372837849387484,-0.6674119270737437,-0.5479305999101126,-0.5090134387698485
104,-1.0312575156051291,-1.0,3.5868626013618385,-0.6422844569135384,0.41903742405371464,-0.7512679040284687,-0.591170839715428,-0.5411574781645303,-0.5323164234256994,-0.45702572710157296,-0.35223324391729344,-0.21411843340695944,-0.41372837849387484,-0.6205984011830301,-0.7477110456144775,-0.9246708998268763
215,0.9696899027331813,1.0,-0.7851516765332263,1.470748117745916,-0.26553716887131507,1.4028130292898369,0.8253294463980492,1.5287791345857729,1.0072664643652356,1.1442100544654092,-0.3335890618185657,-0.1164503760634341,2.4170447375168496,1.53731599681972,1.3092876175637984,1.5719046099397018
279,0.9696899027331813,1.0,-0.7851516765332263,-0.3554142787012595,0.6049925251439919,-1.002622998349402,0.2644581654646632,-0.11271565365631366,-0.2678651414326831,-0.30402517466391676,-0.1944455856592468,-0.21411843340695944,-0.41372837849387484,-0.37234485479288115,-0.4480403770579302,-0.35774569186618344
166,0.9696899027331813,-1.0,-0.0004311651161633194,-0.09695616286783242,-0.37899897409254635,-0.24307946333088948,-0.08943590471241555,-0.3758395216371174,-0.04933033529485105,-0.049704256389768164,-0.255825143042473,-0.21411843340695944,-0.41372837849387484,-0.05741749880080692,-0.7754583297400838,-0.11966341195693646
42,-1.0312575156051291,-1.0,-0.8972546067356638,0.13583944501050255,-0.3002582678468006,-0.38261376569109984,0.35685870598087177,0.41634508418337807,0.19475198372481284,-0.017744140991679973,-0.35059953047702297,-0.1164503760634341,-0.41372837849387484,0.18019660988690683,-0.3407508784389194,0.44726179600375654
287,0.9696899027331813,1.0,0.6721864160984621,1.1117021359099408,-0.6349769227924196,0.2762266065385771,0.9593102301465516,0.4364688668496731,1.821507128308485,1.2620204798424046,-0.3586295012441786,-0.1164503760634341,-0.41372837849387484,1.1814859136605067,0.7090213709798499,1.3877525702308922
155,0.9696899027331813,1.0,-0.44884288592591354,-0.6784869234930433,0.009051179662789146,-0.6990633844387364,-0.6377407121355971,-0.4976641414341507,-0.6728277442757746,-0.5008858854670344,-0.08274676961780947,-0.21411843340695944,-0.41372837849387484,-0.6596096727586248,-0.6977659341883863,-0.7523572055279187
13,0.9696899027331813,1.0,-0.8972546067356638,-1.1360586055137472,-0.48556695690894963,-1.0134183774003651,-0.85432757910559,-1.1470348057519073,-0.9614455925083616,-1.0083377177185944,0.0946701349125669,-0.21411843340695944,-0.41372837849387484,-1.1520974224068914,-0.7773081486817909,-1.091723107277011
112,-1.0312575156051291,-1.0,1.3448039973130874,-1.0544884909422045,0.6431571340450672,-0.5484114529066385,-0.36922474139549505,-1.004437249009021,-0.9690407990407981,-1.2531386016188442,0.41567376962802277,-0.018782318719908743,-0.41372837849387484,-1.0691098083278987,-0.7486359550853311,-1.0877769921403937
107,0.9696899027331813,1.0,0.33587762549114936,-1.0799218693619832,-0.40020567851107336,-1.0209912552420854,-1.1457588838937118,-0.7986553423891655,-0.9989037701796961,-0.5993162408685933,-0.08007032308939732,-0.21411843340695944,-0.41372837849387484,-1.0721834236641576,-0.6700186500627802,-0.932563130100111
284,-1.0312575156051291,-1.0,-0.6730487463307887,0.860805294741853,-0.4261226310082291,1.136473304345925,0.4422368054178485,1.2429348668204425,0.5622564088965698,0.08051621379605925,2.0491877983333646,2.7159232868988012,-0.41372837849387484,0.587095994017808,0.1799731536516244,-0.372214780700447
76,0.9696899027331813,1.0,-0.8972546067356638,-0.03234163390947547,-0.5485530544331991,-0.07405927490610807,0.18462409845865904,0.6255891469608758,-0.48381067261627536,-0.1613946596692572,0.13043429636525386,0.07888573862361661,-0.41372837849387484,-0.03140998441707685,0.6054315102442531,-0.17359365215737363
70,-1.0312575156051291,1.0,-0.8972546067356638,-0.67757040535179,-0.1293813748128252,-0.8363419359524769,-0.7225644083294767,-0.5837852758554993,-0.0914492078838171,-0.37491543062669747,-0.3168577861083872,-0.21411843340695944,2.4170447375168496,-0.6570089213202519,-0.08732568342504908,-0.5300593861651411
261,-1.0312575156051291,1.0,0.33587762549114936,2.569195110037981,0.1345002353393645,1.1066651681604296,3.445439173275659,3.1031946472735426,0.8563980436982015,2.0368832776322234,13.961254534221396,7.794662268762119,-0.41372837849387484,1.9014211981919384,0.19847134306869516,-0.8062874457283559
121,-1.0312575156051291,1.0,-0.336739955723476,0.6472565678298372,0.38658445533284846,0.5040574420320384,-0.6233262278150686,0.9700736846462702,0.07495486250865531,1.7645422942931954,0.2586882894818379,-0.1164503760634341,-0.41372837849387484,0.6632270815774536,0.14020204640492198,0.20917951609450958
187,0.9696899027331813,1.0,1.7932157181228376,1.1712758150914044,-0.4051254229876314,0.679200382754381,2.9590427279983373,0.7365945287652773,0.9249275208204126,0.5738579951005908,-0.10722086194127654,0.27422185331066734,2.4170447375168496,1.1644628133366108,1.2417692261914899,0.9720951091738644
140,-1.0312575156051291,-1.0,1.6811127879204,1.1435511413184922,-0.35563015157683764,1.8502573221931906,0.8085125480240992,0.8246631260252997,0.9943200895940371,0.46488760164221565,-0.00035944230810410914,-0.21411843340695944,-0.41372837849387484,1.2209700491339879,0.5832336829437683,1.302253408937516
306,0.9696899027331813,-1.0,0.33587762549114936,3.836281440320651,-0.625092147983744,3.191623450540479,2.567264436209613,2.89438335401575,3.64729120770805,4.531132283593659,-0.2173568658115862,-0.018782318719908743,-0.41372837849387484,3.9652356805153746,4.588091691739602,3.9395736919101134
278,0.9696899027331813,-1.0,-0.7851516765332263,-0.1381994792242303,-0.6773996987056823,-0.3763298883330765,-0.21898146251613995,-0.10124726138412402,0.1056809252989666,0.16058650290509935,-0.34991564967887695,-0.1164503760634341,-0.41372837849387484,-0.12361844450484652,-0.14651988955967576,-0.20384720153810673
89,-1.0312575156051291,-1.0,-0.8972546067356638,-0.7602861675998992,-0.20886156994975066,-0.039900762088135096,-0.7325436667052272,-0.6629820979615636,-0.7372143814712022,-0.6634064722785893,-0.03597969049219973,-0.21411843340695944,-0.41372837849387484,-0.7414151270929025,-0.6219233575783959,-0.6839578764932178
156,-1.0312575156051291,-1.0,-0.44884288592591354,-0.36755814407286563,0.017110449831871127,-0.46156504531754683,-0.18146684306655927,-0.15620899038669323,-0.45135842652313757,-0.5071759081783603,-0.05341023118963832,-0.21411843340695944,-0.41372837849387484,-0.3390079499919184,-0.7347623130225279,-0.4169374189154438
77,-1.0312575156051291,-1.0,-0.8972546067356638,0.20847350770482562,-0.2479886923874517,0.44105754339134295,0.6700965383308188,-0.20273171375500967,-0.16826436485959534,-0.20338481128270286,0.02200704572847745,-0.21411843340695944,-0.41372837849387484,0.2570369932933814,-0.25658411659124714,-0.024956648678120155
103,0.9696899027331813,1.0,3.5868626013618385,-0.5451335339406899,0.5161601735647936,-0.5861147170547785,-0.8064640991181939,-0.576860963540215,-0.6515956896510089,0.1583764949254443,-0.21779944771241957,0.07888573862361661,-0.41372837849387484,-0.5804049698627203,-0.6311724522869313,-0.7852414983330633
324,-1.0312575156051291,1.0,0.6721864160984621,-0.8872239301634794,-0.3158232709635585,-0.24565746429828367,-0.7242276180587683,-0.736769301071312,-0.9341718963237032,-0.953257518841038,-0.01009971018058346,-0.1164503760634341,-0.41372837849387484,-0.8757084740925258,-0.5664287893271835,-0.8036567023039443
54,-1.0312575156051291,1.0,-0.8972546067356638,-0.7692222194771188,-0.4272276114046112,-0.7504622787261579,-0.5226096386524013,-0.6619001741623004,-0.7078692653231521,-0.7570768104931989,-0.31932013754910565,-0.21411843340695944,2.4170447375168496,-0.7553646120805393,-0.6700186500627802,-0.5392669881505816
127,0.9696899027331813,1.0,2.465833299337463,-1.1397246780787602,0.2338721995480256,-0.9934388699030601,-1.0446726925689798,-0.6125644489158997,-1.0061537400515674,-0.9802876164383573,0.15554012589757216,-0.1164503760634341,-0.41372837849387484,-1.1539888779984353,-0.7088648478386289,-1.0220084065301045
296,-1.0312575156051291,-1.0,2.241627438932588,1.496181496165695,-0.18698959193038933,1.9783517452605892,0.20957224439803535,-0.0986506442658924,1.9088520034315046,2.0894134673024856,-0.14655102037906895,-0.21411843340695944,2.4170447375168496,1.5659242626418233,1.5016687875013348,1.924424228810852
190,0.9696899027331813,-1.0,-0.336739955723476,-0.5886681456502212,-0.3634492552769504,-0.7543292801772492,-0.16372593928744725,-0.4913889833984243,-0.3802396744466867,-0.44648568904475666,-0.19521616661238714,-0.1164503760634341,-0.41372837849387484,-0.6362029098132679,-0.420293092932324,-0.6786963896443947
115,0.9696899027331813,1.0,-0.0004311651161633194,0.21695130051141864,-0.34939450925956406,0.18905794882856117,1.3784390819280736,-0.19126332148282005,-0.2961745475990373,-0.46722576393075005,-0.14114539861945916,-0.21411843340695944,-0.41372837849387484,0.2525447862634645,-0.6071248060447393,0.3867546972422904
211,0.9696899027331813,1.0,1.3448039973130874,2.5265770164697035,-0.16123736131056313,1.319189122909988,2.6262159810589543,1.1598431190370306,2.5608314369090652,2.4749748594453793,-0.23605462629038054,0.07888573862361661,-0.41372837849387484,2.5851823945350905,2.3044902082022087,2.8254538516718144
281,-1.0312575156051291,1.0,-0.7851516765332263,-0.40834320135863694,0.17402446436967559,-0.2664425970978993,-1.004016454741848,-0.19688932523898853,-0.2880614860757528,-0.23041490888002214,-0.04387406201295783,1.7392427134635475,-0.41372837849387484,-0.630292111089693,-0.4619140191207334,-0.5418977315749932
45,-1.0312575156051291,-1.0,-0.8972546067356638,-0.6409096797016585,0.6081260830366233,-0.5023296856144674,-0.6408823305131482,-0.5478654057199619,-0.6559111479080751,-0.5255359744708791,-0.000867504166691524,-0.21411843340695944,2.4170447375168496,-0.619179809489372,-0.6848172015964368,-0.7102653107373336
95,0.9696899027331813,1.0,-0.8972546067356638,-1.2373338601222355,0.08102248412065001,-1.1121880394636547,-1.1289419855197618,-0.7716072474075861,-1.1333734494698788,-1.0304377975151446,-0.007881845868040015,-0.21411843340695944,-0.41372837849387484,-1.234375740639055,-0.8124547085742254,-1.0812001335793646
26,-1.0312575156051291,-1.0,-0.8972546067356638,0.36657288707101787,-0.16952573436769372,0.17745694447528731,-0.06799897931265517,0.23804404206480712,0.6858511333789455,0.49055769432897794,-0.27570232072515016,-0.21411843340695944,2.4170447375168496,0.42088433391087976,0.3020612038042917,0.4591001414136086
168,-1.0312575156051291,-1.0,-0.0004311651161633194,0.452038203742887,-0.14301563014490515,0.3179579971982705,0.23137877195986056,0.47996220358005265,0.24981723108497744,0.1469864537995299,-0.128150784393476,-0.21411843340695944,-0.41372837849387484,0.5071819952750745,-0.6431962754080275,0.41437750319861194
64,0.9696899027331813,1.0,-0.8972546067356638,-0.7490588203695465,-0.22180526761038344,-0.47123254894527505,-0.7645142537238353,-0.9072804918351881,-0.4731083361387512,-0.4704557755933228,-0.25005076084133576,-0.1164503760634341,-0.41372837849387484,-0.7548917481826534,-0.39624544669013184,-0.6602811856735138
38,-1.0312575156051291,-1.0,-0.8972546067356638,-0.771513514830252,0.880983857734162,-1.0153518781259108,-0.9563377758354843,0.27569499027916555,-0.7303096482598963,-0.8051869842041507,-0.32890188264514025,0.27422185331066734,-0.41372837849387484,-0.7726241443533783,-0.8725738241797056,-0.5695205375313146
150,0.9696899027331813,-1.0,0.6721864160984621,-0.25895074433435084,-0.3453727467031632,-0.34362150105926276,-0.43593793164819766,-0.3451128857380433,-0.1981273359984934,0.0621561475035405,-0.04483562948364662,-0.21411843340695944,-0.41372837849387484,-0.23237714101862583,-0.12247224331748373,-0.2932924779681
6,-1.0312575156051291,-1.0,-0.8972546067356638,-0.025696877385389318,0.15666323481866948,0.8973637146201141,0.23415078817534682,0.24951243433699674,-0.5242033619024149,-0.5406660291008251,0.1894295882036361,-0.1164503760634341,-0.41372837849387484,0.015403541473636677,-0.2639833923580755,0.01976598953687672
97,-1.0312575156051291,1.0,-0.8972546067356638,-1.0430320141765386,-0.2435809418445815,-0.7778535390047212,-0.8545123801866225,-0.5954700528875416,-1.05586781917297,-1.0637579178237897,-0.012985146288805234,-0.21411843340695944,-0.41372837849387484,-1.0374279271695368,-0.7847074244486193,-0.9444014755099631
309,0.9696899027331813,-1.0,-0.6730487463307887,-1.116811724547428,0.5226917383129623,-1.083024403520008,-1.1313443995731833,-0.3154681736382323,-0.9718026923253205,-0.9376174623696332,0.3765591085213513,-0.018782318719908743,-0.41372837849387484,-1.1473687834280313,-0.6885168394798509,-1.0614695578962778
184,-1.0312575156051291,-1.0,1.1205981369082123,1.8460622965891371,-0.3097283211855218,1.7102396446515937,1.786110266685586,0.9382651249479329,1.4217230753738728,0.962309397678418,-0.21735669493467993,0.27422185331066734,-0.41372837849387484,1.8654835419526024,1.2149468515367368,2.4729342328006645
25,0.9696899027331813,1.0,-0.8972546067356638,-0.0009508875715505932,-0.7690960872671792,0.28782761089185094,-0.4108049846277889,0.008892581380867019,0.332846647950931,-0.08727439204390375,-0.3561937941051286,-0.21411843340695944,2.4170447375168496,0.04164748780630953,-0.141895342205408,-0.05784094148326476
293,-1.0312575156051291,1.0,0.8963922765033372,-1.0466980867415516,0.2920866608548626,-1.085280154366478,-0.9430320980011503,-0.7328743753939646,-0.8816959239177784,-0.915857383800722,-0.3917494487999348,-0.21411843340695944,-0.41372837849387484,-1.042865861995226,-1.011310244807737,-0.7918183568940922
98,0.9696899027331813,-1.0,-0.8972546067356638,-0.2704072211000169,-0.48509305505907435,-0.07132014887825175,-0.4503524159687262,0.11795050034659489,-0.5242033619024149,-0.13725457250687145,-0.03593826120321462,-0.21411843340695944,-0.41372837849387484,-0.23947009948691605,-0.2824815817751462,-0.360376435290595
274,0.9696899027331813,-1.0,0.6721864160984621,0.1033030509960108,0.09757357185924054,-0.00364762348415434,0.12659655901448005,-0.023997902116733447,-0.2789127145707725,0.5663779680925276,0.46446526729427556,-0.21411843340695944,-0.41372837849387484,0.08680599005442256,0.1947717051852809,-0.08151763230296884
65,-1.0312575156051291,-1.0,-0.8972546067356638,-0.7414975457042068,-0.47232289338604716,-0.6486312405140876,-0.7447405380533667,-0.6800764939899218,-0.4235668753476313,-0.693326580310842,-0.34476829964540945,-0.21411843340695944,-0.41372837849387484,-0.7236827309221776,-0.7107146667803359,-0.7076345673129221
277,-1.0312575156051291,1.0,0.6721864160984621,-0.6175384670996997,0.26620886368644425,-0.4916954316239664,-0.49655268622683046,-0.17287061689534608,-0.9018922685608481,-0.6501464244006591,0.038404645427318466,-0.21411843340695944,-0.41372837849387484,-0.6012109813697042,-0.6820424731838761,-0.5971433434876361
34,-1.0312575156051291,-1.0,-0.8972546067356638,-0.2571177080518443,-0.4634651651069774,-0.1799184396297319,-0.1504202614531132,-0.19083055196311477,0.1331272398139076,-0.63195635872196,-1.9838991768512506,-0.018782318719908743,-0.41372837849387484,-0.2647683180238168,0.9652212944062808,0.8984342932903402
258,0.9696899027331813,-1.0,0.33587762549114936,3.6646634183709725,0.9123818886507612,1.7551935365205298,2.9520202869191055,8.282363874346354,1.2497952184123557,5.342885214582335,2.279558937075016,2.5205871722117505,-0.41372837849387484,3.346966134029433,4.917359463363463,1.8665478734737977
160,-1.0312575156051291,-1.0,0.8963922765033372,-0.5609434718773092,-0.18922111732171698,0.26897597881778096,-0.46809331974783824,-0.8553481494705558,-0.5916971290429301,-0.5440660413772174,0.41643030104815915,-0.21411843340695944,-0.41372837849387484,-0.5487230887043583,-0.5183334968427993,-0.853640827367764
316,-1.0312575156051291,1.0,-0.7851516765332263,-0.5343644457809638,-0.16425706044724542,-0.02459388134423211,-0.6769185413144696,-0.07484832068210259,-0.7156370901858713,-0.5624261076697361,0.23127924948554937,-0.018782318719908743,-0.41372837849387484,-0.5456494733680994,-0.38607144251074293,-0.7194729127227741
172,-1.0312575156051291,-1.0,-0.11253409531860088,0.4497469083897536,-0.0006376394557979919,0.353888885681327,1.3052578538392365,0.13850705253259518,0.13916888137380026,-0.21188484197368376,-0.08678999229178398,-0.21411843340695944,-0.41372837849387484,0.5005619007046704,0.5767593166477935,0.031604334946728756
162,0.9696899027331813,-1.0,0.4479805556935869,0.794586859036303,-0.10573479703748875,0.3637175143695173,1.1348712571273478,1.175639206506273,0.5848694101635967,-0.1029144485153086,-0.0263278947132104,-0.018782318719908743,2.4170447375168496,0.8143070969520299,-0.07160222242053889,0.681397960776386
161,-1.0312575156051291,1.0,0.8963922765033372,-0.3842846001507379,0.2968745350395272,0.04597889513818376,-0.3172956376253859,-0.08198901775723953,-0.7456726796550519,-0.6462364102828079,0.1541152412824796,0.07888573862361661,-0.41372837849387484,-0.36927123945662227,-0.4424909202328089,-0.7023730804640989
148,-1.0312575156051291,-1.0,0.6721864160984621,-0.7348527891801204,-0.048053667517836234,-0.8166846785760962,-0.6721137132076267,-0.4444334905104026,-0.5963578239605617,-0.7354867325381074,0.03811852569106731,-0.1164503760634341,-0.41372837849387484,-0.7229734350753485,-0.8503759968792206,-0.7773492680598285
118,0.9696899027331813,-1.0,-0.336739955723476,1.3360199509816828,0.5269782382844234,0.26543122748761394,0.35815231354809873,1.4195048308601923,0.511679238123754,3.050256936610966,0.18278234072308244,0.07888573862361661,-0.41372837849387484,1.365902833836046,1.0752855214378523,0.6682442436543282
242,0.9696899027331813,-1.0,1.9053186483252753,-0.33937521122932696,-0.1341839552398772,-0.31268548945053254,-0.5028359229819327,-0.12916089540511388,-0.23265100205502293,-0.25302499051803135,-0.3487546389648845,-0.1164503760634341,-0.41372837849387484,-0.3106361161187585,-0.4313920065825665,-0.6444967251270444
262,0.9696899027331813,-1.0,-0.11253409531860088,0.687812495580295,6.961674416767681,-0.5066800622469452,4.934381483153844,0.5399007820592324,-0.5506139664356601,-1.1251281394126718,0.23381109677607043,0.17655379596714196,-0.41372837849387484,0.6010454790054449,0.5924827776523038,0.7932045563138777
288,-1.0312575156051291,-1.0,0.6721864160984621,0.9341267460421161,-0.10910082147466066,2.682468259480127,0.7382881372317808,0.5916167396640122,0.026621730029513947,0.221276722038703,-0.3289734171509639,-0.21411843340695944,-0.41372837849387484,1.0001426088212269,0.9106516356259219,1.1470395468972334
11,-1.0312575156051291,1.0,-0.8972546067356638,-1.0673197449197507,-0.6707783744615203,-1.0335590099581322,-1.1775446698312875,-0.6160266050735419,-0.8501067694760538,-0.8791372512156845,0.07225270886174935,-0.21411843340695944,-0.41372837849387484,-1.0605982581659508,-0.7782330581526444,-1.0825155052915705
122,0.9696899027331813,-1.0,0.2237746952887118,0.18166535207316692,-0.045276298600346467,1.3430356318583843,0.23747720763393035,0.2798063007163656,-0.3275910837104792,-0.325275251391369,0.07118321199975024,-0.21411843340695944,2.4170447375168496,0.22842872747127874,0.6895982720919255,-0.1486015896254638
131,0.9696899027331813,1.0,0.33587762549114936,-0.6092898038284201,-0.24761275989677925,-0.3737518873656823,-0.5573522418864957,0.009974505180130192,-0.5133284070946081,-0.8014469707001192,-0.03022851155749655,-0.21411843340695944,-0.41372837849387484,-0.5867886324841812,-0.23438628929076213,-0.6089816888974883
221,-1.0312575156051291,1.0,2.241627438932588,0.1069691235610242,-0.10321055920845422,0.06805302842149649,0.9922048225703218,-0.2920986195741478,-0.11613362911423572,-0.3557053612650806,0.10694346921184587,-0.1164503760634341,-0.41372837849387484,-0.018169795276269194,0.2909622901540493,0.2144410029433326
210,0.9696899027331813,-1.0,1.3448039973130874,2.0284494066985417,-0.24379561499132607,0.7861874229012398,1.6404870148320412,1.1239232489014934,2.585343239809201,1.981463077527028,-0.3320558941167719,-0.1164503760634341,-0.41372837849387484,2.087966005907964,1.237144678837222,2.2966744233650886
219,0.9696899027331813,1.0,2.241627438932588,-0.7222506647378878,-0.13088161932239117,-0.7436950261867482,-0.6392191207838565,0.5050628357229583,-0.7441191146825081,-0.774756874330439,-0.12615009926419762,-0.018782318719908743,-0.41372837849387484,-0.7908294044219891,-0.37127289097708627,-0.6116124323218998
8,0.9696899027331813,-1.0,-0.8972546067356638,-0.8943269457581925,-0.7577324080703811,-0.9550911055130715,-0.799811260201027,-0.910309878473125,-0.7177085101492631,-0.4090855540044407,0.038448053785218685,-0.21411843340695944,-0.41372837849387484,-0.8804371130713856,-0.6533702795874163,-0.9825472551639309
24,0.9696899027331813,-1.0,-0.8972546067356638,-0.020197768537869386,-0.6402217164720807,0.566090590309961,-0.3067619760065381,-0.04239060670420739,0.15177001948443355,-0.2545549960424079,-0.2784134194161224,-0.21411843340695944,2.4170447375168496,0.004054807924372975,-0.1853660873355245,-0.02232590525370841
312,-1.0312575156051291,1.0,-0.6730487463307887,-1.0650284495666174,0.9612737860604587,-0.24469071393551084,-1.3771298373462981,-0.8395520620013135,-1.095570035137979,-0.6951965870628578,0.4114836530374784,-0.1164503760634341,-0.41372837849387484,-1.1064660562608926,-0.7412366793185028,-1.07330790330613
44,0.9696899027331813,-1.0,-0.8972546067356638,-1.0162238585448797,-0.1902907677655148,-0.41741677875092137,-0.6989098699573272,-0.8927827129250616,-1.1202544563683976,-1.1173081111769694,0.05682407847397829,-0.1164503760634341,2.4170447375168496,-1.013548300326294,-0.6404215469954668,-0.9575551926320209
33,0.9696899027331813,1.0,-0.8972546067356638,-0.7648687583061656,-0.5118011423042216,-0.699869009741047,-0.17462920306835986,-0.13976374863789298,-1.1613376189756677,-0.38970548402900423,-2.0287967669421243,-0.21411843340695944,-0.41372837849387484,-0.7508724050506224,-0.06697767506627128,0.14735704562083762
126,0.9696899027331813,-1.0,2.465833299337463,-1.084046200997623,-0.11461702042960556,-0.7390223994333462,-1.108244264444131,-1.0728148331224536,-0.8744459540459072,-0.8679172107035897,0.00804683837092523,-0.1164503760634341,-0.41372837849387484,-1.0929894351711416,-0.8207788938119073,-1.0312160085155448
50,-1.0312575156051291,1.0,-0.8972546067356638,0.22909516588302473,-0.314676938960051,0.16440581457785425,0.24376044438903252,0.36917320653550373,0.16730566920987183,-0.017404139764040736,-0.37588264524019527,-0.21411843340695944,-0.41372837849387484,0.27878873259613735,-0.21218846199027713,0.32887834190523596
151,0.9696899027331813,1.0,0.6721864160984621,-0.42300749161868956,-0.3556143774545286,-0.539549574581221,-0.5486665910779721,-0.45287249614465536,-0.30877568570967057,-0.11124447859246989,-0.04772163306883434,-0.21411843340695944,-0.41372837849387484,-0.4444565992204959,-0.32872705531782337,-0.4419294814473536
315,-1.0312575156051291,-1.0,-0.7851516765332263,-0.7133146128606682,0.42477945515898796,-0.34056012491048215,-0.825498610464533,-0.6210034545501525,-0.6617801711376852,-0.4354356491464815,0.02711944052723891,-0.21411843340695944,-0.41372837849387484,-0.6934194414574737,-0.46098910964987977,-0.7128960541617452
124,-1.0312575156051291,-1.0,0.2237746952887118,0.6190736349862985,-0.43024205918643477,0.30829049357054233,2.3449487357276153,-0.06511100648873404,0.40396540002738185,0.16993653666517833,0.33410033445945597,-0.21411843340695944,2.4170447375168496,0.6525876438750186,0.9716956607022555,0.20260265753348056
240,-1.0312575156051291,-1.0,-0.11253409531860088,-1.0794636102913566,1.5179714200444776,-1.4358882859320874,-0.8258682126265978,-1.318411535555194,-1.1801530169764762,0.060286140751524706,0.7324405593820189,-0.21411843340695944,-0.41372837849387484,-1.1260899080231614,-0.9197442071932362,-1.170645410009358
170,0.9696899027331813,-1.0,-0.11253409531860088,-0.4745616370641868,-0.32481975885722253,-0.5181199415397568,-0.4797357878528805,-0.8460436047968924,-0.14910373019822143,-0.2827750979364645,-0.1263767266862526,-0.21411843340695944,-0.41372837849387484,-0.4482395104035838,-0.4850367558920719,-0.5313747578773469
254,0.9696899027331813,-1.0,0.6721864160984621,-0.6810073483814898,-0.3403844211596516,-0.8645388215333507,-0.7220100050863794,-0.7889180281957969,-0.4668940762485759,-0.10750446508843829,-0.34965761712786286,-0.1164503760634341,-0.41372837849387484,-0.6737955896952048,-0.6015753492196181,-0.585304998077784
250,0.9696899027331813,-1.0,-0.5609458161283511,1.3245634742160168,-0.6339853343704253,1.2772966071898324,0.5889688637575877,0.6794689521641818,1.7341622531854652,1.0483297082711447,-0.3542236690283636,-0.21411843340695944,-0.41372837849387484,1.406332697105299,1.1705511969357671,0.9155341255490158
304,-1.0312575156051291,-1.0,0.8963922765033372,0.2726297775925557,0.40532835432622727,0.20919858138632824,0.11125806928878944,0.04697629911493072,0.3628822374201117,0.05382611742637922,-0.23339994145807694,-0.21411843340695944,-0.41372837849387484,0.32134648340587707,0.015339267839693941,0.2749481017047988
267,0.9696899027331813,1.0,0.8963922765033372,-0.3636629419725391,-0.65052326494163,-0.5052299367027859,0.014976706070900122,0.2618463656485969,-0.9935526019409341,-0.6705464980590132,-0.34985641470706763,-0.21411843340695944,-0.41372837849387484,-0.35721321006052925,-0.6940662963049722,-0.39194535638353384
196,-1.0312575156051291,-1.0,-0.336739955723476,-0.1966275107291273,-0.11875159017166351,-0.5343935726464326,-0.16723715982706316,-0.09064440815134492,0.005044438744182981,-0.3052151789606541,-0.31393831332030675,-0.21411843340695944,-0.41372837849387484,-0.16310257997832736,-0.6098995344572999,-0.23673149434325133
181,-1.0312575156051291,1.0,0.5600834858960245,-1.0038508636379604,0.5244460787910404,-0.8252243067805893,-0.7018666872538459,-0.6251147649873525,-0.9714574556647552,-1.0095277220153316,-0.2657935246720502,-0.1164503760634341,-0.41372837849387484,-1.012602572530522,-0.7745334202692302,-0.9483475906465806
307,0.9696899027331813,1.0,0.33587762549114936,1.8279610632993848,-0.006094635682597629,1.3187057477286015,1.5384768181021469,1.6497382153433957,1.634216239951812,1.533341459498515,-0.1947424933702783,-0.1164503760634341,-0.41372837849387484,1.8931460799789337,1.2519432303708786,1.7942024293024796
229,-1.0312575156051291,1.0,-0.22463702552103845,0.687125106974355,-0.3149805623038607,1.076373656793548,0.9557990096069356,2.678864133202526,-1.1387246177086408,-0.6878865606686143,-0.025578222129401498,-0.21411843340695944,-0.41372837849387484,0.7400674649839282,-0.4535898338830514,0.9589413920518064
223,0.9696899027331813,1.0,1.9053186483252753,-0.5183253783090314,-0.32532699613248217,-0.6341299850724953,0.03548962606549842,-0.4050514642172231,-0.2761508212862502,-1.019557758230689,0.02614221433847849,-0.21411843340695944,-0.41372837849387484,-0.5735484433433733,-0.309303956429899,-0.4642908005548519
68,0.9696899027331813,1.0,-0.8972546067356638,-0.2103752828479268,-0.7590516346529789,-0.18378544108082318,0.16226316765373658,-0.06164885033109188,-0.18431786957588156,-0.1885947578803961,-0.32311905323183837,-0.3117864907504848,2.4170447375168496,-0.17374201768076236,0.5508618514638942,-0.011802931556062128
5,0.9696899027331813,1.0,-0.8972546067356638,-0.2720111278472103,-0.03820992514261854,0.2960449889754199,-0.62036941051855,-0.2713256826282949,-0.693714562239975,0.19152661462026982,0.16701561780830476,-0.21411843340695944,-0.41372837849387484,-0.238051507793258,-0.39069598986501064,-0.42746039261308993
301,-1.0312575156051291,1.0,-0.7851516765332263,-0.8652274947734008,0.5642135794972702,-0.7565850310237191,-0.9831339325851848,-0.6616837894024478,-0.5349056983799391,-0.6334863642463365,-0.30022296760660094,-0.3117864907504848,-0.41372837849387484,-0.8494645277598529,-0.5275825915513348,-0.7589340640889476
119,0.9696899027331813,1.0,-0.336739955723476,1.8139841616452719,0.4338324032428601,0.9684198662839164,0.3034511935625033,1.798178160602303,0.46023897569952504,4.239921232120653,0.49287116386975127,1.2509024267459208,-0.41372837849387484,1.706128408365021,1.4877951454385319,1.015502375676655
299,0.9696899027331813,1.0,-0.7851516765332263,-0.6979629339946757,-0.35450061694031626,-0.6787616268205071,-0.7543501942670524,-0.8194282793350184,-0.6137922753191091,-0.172614700181352,-0.36971218123938204,-0.21411843340695944,-0.41372837849387484,-0.6844350273976396,-0.3934707182775713,-0.46034468541823453
40,0.9696899027331813,-1.0,-0.8972546067356638,0.1039904396019508,-0.7218894910708934,-0.6060942245520835,0.26778458492324675,-0.09756872046662923,0.824808889256477,0.14494644643369448,-0.29644831741519206,-0.1164503760634341,-0.41372837849387484,0.12274364629375828,0.20864534724808406,0.08948069028378319
105,-1.0312575156051291,1.0,3.5868626013618385,-0.6127267468581199,-0.3247718140741138,-0.24179046284719238,-0.7112915423864992,-0.9827987730237576,-0.4555012664499211,-0.4140155718052096,0.1239450379095237,-0.018782318719908743,-0.41372837849387484,-0.6440051641283868,-0.7310626751391138,-0.8852097484607029
72,0.9696899027331813,1.0,-0.8972546067356638,0.031814635978254596,-0.21333927471544747,0.09318853785358981,-0.07705423228324361,-0.24795612856421032,0.27588259895765727,0.021356000186832175,-0.19243227048954267,-0.018782318719908743,2.4170447375168496,0.03266307374647568,0.038462004611032476,0.09342680542040047
231,0.9696899027331813,1.0,2.465833299337463,-1.0414281074293452,0.14486634283312352,-0.8144289277296263,-0.9038542688222778,-0.8802323968536088,-0.8174819050526334,-0.8759072395531118,-0.39099552763220685,-0.21411843340695944,-0.41372837849387484,-1.0334085840375058,-0.6025002586904716,-0.8720560313386451
289,-1.0312575156051291,1.0,0.6721864160984621,0.9501658135140487,-0.22018252450257741,1.8032088045382466,0.3928949167821931,0.3352007992386401,0.6615119488090923,0.5480179018000089,-0.2711651354301532,-0.1164503760634341,-0.41372837849387484,1.008890590932118,0.8107614127737396,1.0944246784090024
298,0.9696899027331813,-1.0,-0.7851516765332263,-0.5588813060594893,-0.24321401785681393,-0.6579764940208915,-0.8201393791145929,-0.5485145599995198,-0.2469783234684827,0.06385615364173669,-0.29768193258527464,-0.018782318719908743,-0.41372837849387484,-0.5617268458962233,-0.32040287008014146,-0.30776156680236366
265,-1.0312575156051291,1.0,-0.11253409531860088,-0.06029543721770071,2.74438507564519,-0.4839614287217838,0.23156357304089298,0.6812000302430029,-1.2788907018981508,2.5460351160219794,-0.8461093029911841,0.07888573862361661,-0.41372837849387484,-0.03613862339593689,1.2001483000030801,0.6235216054393317
79,0.9696899027331813,-1.0,-0.8972546067356638,-1.1614919839335258,0.6863215718900183,-1.0991369095662218,-1.1893719390173623,-1.0243446469154636,-0.2057225425309299,-0.876247240780751,0.12125776392400531,0.17655379596714196,-0.41372837849387484,-1.1913451259314292,-0.8402019926998318,-1.1377611172042135
83,0.9696899027331813,-1.0,-0.8972546067356638,-0.25734683758715776,-0.3072664728576672,-0.5703244611294891,-0.4673541154237086,0.1560342180806586,-0.2973828759110158,-0.05344426989379976,-0.351693626225163,-0.1164503760634341,-0.41372837849387484,-0.24869094549569304,-0.6071248060447393,-0.2117394318113415
125,-1.0312575156051291,1.0,0.2237746952887118,0.30768659649549396,-0.107123553590311,0.1884134485867126,0.08002668659431095,0.8391609049354262,-0.09783608610427506,0.7814287445743444,0.055019717443602414,-0.21411843340695944,2.4170447375168496,0.35279193261529623,0.35015649628867596,-0.0657331717564993
28,0.9696899027331813,-1.0,-0.8972546067356638,-0.32723134585772085,-0.5702890559400182,0.3007176157288219,-0.49618308406476563,-0.7123178232079643,0.10464521531727071,-0.24248495246121501,-0.34473112947254575,-0.3117864907504848,-0.41372837849387484,-0.29432231164169165,-0.3620237962685509,-0.2801387608460422
47,0.9696899027331813,-1.0,-0.8972546067356638,0.5881411477190002,-0.5610001163522429,0.7339829033115075,0.7837492031657554,0.1904393948972275,1.0499031919450497,0.5588979410844644,0.019939432135024273,0.07888573862361661,-0.41372837849387484,0.5487940182890421,0.815385960128007,0.36439337813479206
259,0.9696899027331813,1.0,0.33587762549114936,1.9982043080371832,0.4865582716632211,2.308174744026583,1.9729441596093595,1.852057965805609,2.118755893055204,1.418081043328814,0.7709218156924813,1.7392427134635475,-0.41372837849387484,1.9470525643379373,2.810415688759096,0.7945199280260834
